[
    {
        "assetId":1,
        "brand":"dell",
        "asset":"laptop",
        "yearsOfExperience":5,
        "osVersion":"HTML,CSS,JS",
        "ownedByProxima":"React,Node"
    },
    {
        "assetId":2,
        "brand":"lenovo",
        "asset":"laptop",
        "yearsOfExperience":5,
        "osVersion":"HTML,CSS,JS",
        "ownedByProxima":"React,Node"
    },
    {
        "assetId":3,
        "brand":"hp",
        "asset":"laptop",
        "yearsOfExperience":5,
        "osVersion":"HTML,CSS,JS",
        "ownedByProxima":"React,Node"
    },
    {
        "assetId":4,
        "brand":"dell",
        "asset":"laptop",
        "yearsOfExperience":5,
        "osVersion":"HTML,CSS,JS",
        "ownedByProxima":"React,Node"
    },
    {
        "assetId":5,
        "brand":"lenovo",
        "asset":"laptop",
        "yearsOfExperience":5,
        "osVersion":"HTML,CSS,JS",
        "ownedByProxima":"React,Node"
    },
    {
        "assetId":6,
        "brand":"hp",
        "asset":"laptop",
        "yearsOfExperience":5,
        "osVersion":"HTML,CSS,JS",
        "ownedByProxima":"React,Node"
    },
    {
        "assetId":7,
        "brand":"dell",
        "asset":"laptop",
        "yearsOfExperience":5,
        "osVersion":"HTML,CSS,JS",
        "ownedByProxima":"React,Node"
    },
    {
        "assetId":8,
        "brand":"lenovo",
        "asset":"laptop",
        "yearsOfExperience":5,
        "osVersion":"HTML,CSS,JS",
        "ownedByProxima":"React,Node"
    },
    {
        "assetId":9,
        "brand":"hp",
        "asset":"laptop",
        "yearsOfExperience":5,
        "osVersion":"HTML,CSS,JS",
        "ownedByProxima":"React,Node"
    },
    {
        "assetId":10,
        "brand":"dell",
        "asset":"laptop",
        "yearsOfExperience":5,
        "osVersion":"HTML,CSS,JS",
        "ownedByProxima":"React,Node"
    },
    {
        "assetId":11,
        "brand":"lenovo",
        "asset":"laptop",
        "yearsOfExperience":5,
        "osVersion":"HTML,CSS,JS",
        "ownedByProxima":"React,Node"
    },
    {
        "assetId":12,
        "brand":"hp",
        "asset":"laptop",
        "yearsOfExperience":5,
        "osVersion":"HTML,CSS,JS",
        "ownedByProxima":"React,Node"
    },
    {
        "assetId":13,
        "brand":"dell",
        "asset":"laptop",
        "yearsOfExperience":5,
        "osVersion":"HTML,CSS,JS",
        "ownedByProxima":"React,Node"
    },
    {
        "assetId":14,
        "brand":"lenovo",
        "asset":"laptop",
        "yearsOfExperience":5,
        "osVersion":"HTML,CSS,JS",
        "ownedByProxima":"React,Node"
    },
    {
        "assetId":15,
        "brand":"hp",
        "asset":"laptop",
        "yearsOfExperience":5,
        "osVersion":"HTML,CSS,JS",
        "ownedByProxima":"React,Node"
    },
    {
        "assetId":16,
        "brand":"dell",
        "asset":"laptop",
        "yearsOfExperience":5,
        "osVersion":"HTML,CSS,JS",
        "ownedByProxima":"React,Node"
    },
    {
        "assetId":17,
        "brand":"lenovo",
        "asset":"laptop",
        "yearsOfExperience":5,
        "osVersion":"HTML,CSS,JS",
        "ownedByProxima":"React,Node"
    },
    {
        "assetId":18,
        "brand":"hp",
        "asset":"laptop",
        "yearsOfExperience":5,
        "osVersion":"HTML,CSS,JS",
        "ownedByProxima":"React,Node"
    },
    {
        "assetId":19,
        "brand":"lenovo",
        "asset":"laptop",
        "yearsOfExperience":5,
        "osVersion":"HTML,CSS,JS",
        "ownedByProxima":"React,Node"
    }
]