[
  {
    "employeeid": 1,
    "employeename": "krishna",
    "category": "Laptop",
    "brand": "Dell",
    "OS": "Windows",
    "ram": "16gb",
    "Memory": "512gb",
    "processor": "intel i5",
    "serialnumber": "177073631564",
    "carepaqexpstatus": "true",
    "warrantystatus": "In Warranty",
    "ownedbyproxima": "true"
  },
  {
    "employeeid": 2,
    "employeename": "krishna",
    "category": "Laptop",
    "brand": "Dell",
    "OS": "Windows",
    "ram": "16gb",
    "Memory": "512gb",
    "processor": "intel i5",
    "serialnumber": "177073631564",
    "carepaqexpstatus": "true",
    "warrantystatus": "In Warranty",
    "ownedbyproxima": "true"
  },
  {
    "employeeid": 3,
    "employeename": "krishna",
    "category": "Laptop",
    "brand": "Dell",
    "OS": "Windows",
    "ram": "16gb",
    "Memory": "512gb",
    "processor": "intel i5",
    "serialnumber": "177073631564",
    "carepaqexpstatus": "true",
    "warrantystatus": "In Warranty",
    "ownedbyproxima": "true"
  },
  {
    "employeeid": 4,
    "employeename": "krishna",
    "category": "Laptop",
    "brand": "Dell",
    "OS": "Windows",
    "ram": "16gb",
    "Memory": "512gb",
    "processor": "intel i5",
    "serialnumber": "177073631564",
    "carepaqexpstatus": "true",
    "warrantystatus": "In Warranty",
    "ownedbyproxima": "true"
  },
  {
    "employeeid": 5,
    "employeename": "krishna",
    "category": "Laptop",
    "brand": "Dell",
    "OS": "Windows",
    "ram": "16gb",
    "Memory": "512gb",
    "processor": "intel i5",
    "serialnumber": "177073631564",
    "carepaqexpstatus": "true",
    "warrantystatus": "In Warranty",
    "ownedbyproxima": "true"
  },
  {
    "employeeid": 6,
    "employeename": "krishna",
    "category": "Laptop",
    "brand": "Dell",
    "OS": "Windows",
    "ram": "16gb",
    "Memory": "512gb",
    "processor": "intel i5",
    "serialnumber": "177073631564",
    "carepaqexpstatus": "true",
    "warrantystatus": "In Warranty",
    "ownedbyproxima": "true"
  },
  {
    "employeeid": 7,
    "employeename": "krishna",
    "category": "Laptop",
    "brand": "Dell",
    "OS": "Windows",
    "ram": "16gb",
    "Memory": "512gb",
    "processor": "intel i5",
    "serialnumber": "177073631564",
    "carepaqexpstatus": "true",
    "warrantystatus": "In Warranty",
    "ownedbyproxima": "true"
  },
  {
    "employeeid": 8,
    "employeename": "krishna",
    "category": "Laptop",
    "brand": "Dell",
    "OS": "Windows",
    "ram": "16gb",
    "Memory": "512gb",
    "processor": "intel i5",
    "serialnumber": "177073631564",
    "carepaqexpstatus": "true",
    "warrantystatus": "In Warranty",
    "ownedbyproxima": "true"
  }
]
